algorithm,supercomputer,supercomputer_14
lm,9.286999999999999,8.583000000000027
glmnet,18.021000000000004,4.3870000000000005
ranger,47.654,33.89299999999997
xgbTree,205.594,21.701000000000022
